5240839056,name,5240838856
5240839056,body,5240838864
5240838648,name,5240838520
5240838648,body,5240838536
5240838304,function,5240837936
5240837656,name,5240837528
5240837656,body,5240837544
5240837648,name,5240837000
5240837648,body,5240826352
5240836688,function,5240836400
5240836208,function,5240834400
5240834000,function,5240835824
5240834304,left,5240835600
5240834304,operator,5240835608
5240834304,right,5240835616
5240835600,left,5240833904
5240835600,operator,5240835496
5240835600,right,5240835504
5240835272,base,5240835376
5240835272,index,5240834960
5240835376,left,5240835152
5240835376,operator,5240835160
5240835376,right,5240834864
5240835824,object,5240834096
5240835824,property,5240834112
5240833696,function,5240833440
5240833440,type,5240833216
5240833232,name,5240833104
5240833232,value,5240833120
5240833000,left,5240831824
5240833000,operator,5240831832
5240833000,right,5240831840
5240831824,base,5240832880
5240831824,index,5240831520
5240832880,left,5240830672
5240832880,operator,5240832776
5240832880,right,5240832000
5240833216,object,5240831152
5240833216,property,5240831168
5240829712,left,5240829904
5240829712,right,5240829920
5240829904,base,5240829168
5240829904,index,5240829808
5240828840,value,5240828944
5240828944,base,5240828736
5240828944,index,5240829072
5240828928,type,5240828640
5240828928,name,5240828648
5240828008,value,5240828112
5240828112,base,5240827904
5240828112,index,5240828240
5240828096,type,5240827808
5240828096,name,5240827816
5240828000,value,5240827520
5240827520,base,5240827120
5240827520,index,5240827408
5240827504,type,5240827024
5240827504,name,5240827032
5240826344,type,5240826240
5240826344,name,5240826248
5240825960,name,5240825832
5240825960,body,5240821440
5240825664,left,5240808720
5240825664,right,5240823344
5240808720,base,5240823248
5240808720,index,5240823968
5240823152,function,5240822032
5240822224,left,5240822128
5240822224,operator,5240822840
5240822224,right,5240822848
5240821448,type,5240821344
5240821448,name,5240821352
5240821544,type,5240821056
5240821544,name,5240821064
5240825952,name,5240820664
5240825952,body,5240818872
5240820352,left,5240819888
5240820352,right,5240820256
5240819424,left,5240818960
5240819424,right,5240819328
5240818776,name,5240818664
5240818776,body,5240814904
5240818352,left,5240817888
5240818352,right,5240818256
5240817328,left,5240816864
5240817328,right,5240817232
5240816768,function,5240814992
5240815184,left,5240815088
5240815184,operator,5240816344
5240815184,right,5240816352
5240818768,type,5240814688
5240818768,name,5240814696
5240814328,type,5240814208
5240814328,name,5240814216
5240814208,key_type,5240813904
5240814320,type,5240813408
5240814320,name,5240813416
5240813408,key_type,5240813104
5240812728,type,5240812608
5240812728,name,5240812616
5240812608,key_type,5240812064
5240812720,type,5240811664
5240812720,name,5240811672
5240811664,key_type,5240811200
